Date,Open,High,Low,Close,Volume
12/31/2024 21:00,93564.01,93757.58,93563.11,93707.3,76.25536
12/31/2024 21:05,93707.31,93727.27,93506.64,93555.91,37.2963
12/31/2024 21:10,93555.9,93598.69,93504.67,93567.29,25.18625
12/31/2024 21:15,93567.29,93626.39,93519.43,93620.21,29.71764
12/31/2024 21:20,93620.22,93773.77,93591.04,93726.23,26.06551
12/31/2024 21:25,93726.23,93735.79,93566.46,93609.85,20.81548
12/31/2024 21:30,93609.84,93780,93599.98,93742,24.10979
12/31/2024 21:35,93742,93961.97,93730.76,93961.96,30.0085
12/31/2024 21:40,93961.97,93964.15,93883.29,93920.5,23.51015
12/31/2024 21:45,93920.49,93920.49,93826.74,93879.34,15.19884
12/31/2024 21:50,93879.34,93879.34,93855.49,93863.99,11.49295
12/31/2024 21:55,93863.98,93940,93863.98,93899.68,17.87038
12/31/2024 22:00,93899.67,93899.67,93793.2,93793.21,23.78621
12/31/2024 22:05,93793.21,93793.21,93716.91,93716.91,22.36522
12/31/2024 22:10,93716.91,93757.58,93696.97,93757.58,14.22511
12/31/2024 22:15,93757.58,93828.35,93679.57,93731.6,31.79412
12/31/2024 22:20,93731.61,93731.61,93569.7,93570,33.3325
12/31/2024 22:25,93570,93722.24,93570,93722.23,19.04521
12/31/2024 22:30,93722.23,93724.73,93603.35,93672.84,19.25578
12/31/2024 22:35,93672.84,93752.14,93632,93752.14,18.41486
12/31/2024 22:40,93752.14,93833.46,93752.13,93782.13,15.23729
12/31/2024 22:45,93782.13,93790.79,93776.3,93785.16,18.10451
12/31/2024 22:50,93785.16,93785.17,93511.62,93526.81,29.61188
12/31/2024 22:55,93526.8,93606.78,93375.58,93488.84,70.36003
12/31/2024 23:00,93488.83,93569.44,93388.81,93417.68,53.52697
12/31/2024 23:05,93417.69,93636,93375.38,93635.99,34.05222
12/31/2024 23:10,93635.99,93756,93604,93712.56,30.20168
12/31/2024 23:15,93712.57,93712.57,93656.02,93664.04,13.40954
12/31/2024 23:20,93664.05,93664.05,93602.83,93637.81,17.96098
12/31/2024 23:25,93637.81,93753.47,93636.24,93731.05,26.72454
12/31/2024 23:30,93731.06,93734.91,93528.01,93546.03,38.95398
12/31/2024 23:35,93546.03,93546.03,93456.02,93464.26,37.27614
12/31/2024 23:40,93464.27,93504,93456,93490.87,23.44102
12/31/2024 23:45,93490.86,93544.5,93484.3,93544.49,23.00051
12/31/2024 23:50,93544.49,93702.15,93544.49,93646.96,20.99684
12/31/2024 23:55,93646.97,93676.98,93576,93576,17.03553
1/1/2025 0:00,93576,93702.15,93537.5,93661.2,45.9416
1/1/2025 0:05,93661.2,93678.02,93600,93607.1,71.94585
1/1/2025 0:10,93607.1,93656.19,93489.03,93656.18,57.96928
1/1/2025 0:15,93656.19,93840.05,93614.95,93796.35,39.74456
1/1/2025 0:20,93796.35,93898.05,93707.81,93740,38.38053
1/1/2025 0:25,93740,93761.9,93721,93761.9,17.2924
1/1/2025 0:30,93761.9,93963.67,93761.89,93882.92,41.20105
1/1/2025 0:35,93882.91,93924.61,93836.61,93909.03,29.61201
1/1/2025 0:40,93909.03,93952.97,93885,93885.01,23.5511
1/1/2025 0:45,93885,93977.98,93864.44,93977.97,16.0662
1/1/2025 0:50,93977.98,94330.59,93964.07,94260,153.78843
1/1/2025 0:55,94260,94509.42,94212.13,94401.14,220.49709
1/1/2025 1:00,94401.13,94408.72,94105.2,94118.41,49.21796
1/1/2025 1:05,94118.41,94118.41,93880,94061.41,192.32691
1/1/2025 1:10,94061.41,94172,94061.4,94153.05,43.02531
1/1/2025 1:15,94153.04,94153.05,93971.28,93990.24,19.83923
1/1/2025 1:20,93990.23,93990.89,93850.39,93898.13,32.91057
1/1/2025 1:25,93898.14,93935.27,93819.6,93825.86,49.91252
1/1/2025 1:30,93825.86,93989.37,93825.86,93970.23,39.8335
1/1/2025 1:35,93970.23,93970.24,93893.29,93922.01,29.09079
1/1/2025 1:40,93922.01,93971.02,93917.21,93923.14,10.0546
1/1/2025 1:45,93923.14,93945.25,93822.46,93854.48,19.38102
1/1/2025 1:50,93854.47,93854.48,93578.77,93626.1,85.86737
1/1/2025 1:55,93626.1,93645.96,93594.42,93607.74,15.07478
1/1/2025 2:00,93607.74,93779.99,93594.56,93753.19,27.44459
1/1/2025 2:05,93753.2,93776.34,93674.02,93682.94,22.67176
1/1/2025 2:10,93682.94,93805.04,93676.96,93800,54.60054
1/1/2025 2:15,93800,93805.16,93689.48,93765.41,23.19997
1/1/2025 2:20,93765.42,93773.19,93702.61,93716.81,13.08729
1/1/2025 2:25,93716.81,93742.52,93702.62,93742.52,11.93177
1/1/2025 2:30,93742.51,93799.36,93742.51,93773.61,13.91987
1/1/2025 2:35,93773.61,93880,93773.6,93879.99,12.32596
1/1/2025 2:40,93879.99,93921.86,93855.17,93921.86,13.58807
1/1/2025 2:45,93921.86,93965.2,93912,93934.22,10.69693
1/1/2025 2:50,93934.22,94105.12,93934.21,94040.01,54.77784
1/1/2025 2:55,94040.01,94098.91,94040,94098.91,18.53586
1/1/2025 3:00,94098.9,94098.91,93959.89,93988.45,23.57324
1/1/2025 3:05,93988.45,94050.5,93965.31,93982,21.59699
1/1/2025 3:10,93982,93992.8,93971.63,93976.01,19.89506
1/1/2025 3:15,93976.01,93976.01,93832.13,93849.7,18.2703
1/1/2025 3:20,93849.71,93856,93766.23,93830.88,22.20545
1/1/2025 3:25,93830.89,93848.98,93830.88,93830.89,6.94743
1/1/2025 3:30,93830.9,93848,93828.01,93829.13,17.10461
1/1/2025 3:35,93829.13,93850.31,93800,93850.31,13.37962
1/1/2025 3:40,93850.31,93891.15,93840,93857.04,37.35226
1/1/2025 3:45,93857.03,93867.35,93728.22,93786.19,25.41642
1/1/2025 3:50,93786.18,93812,93786.18,93801.66,8.27912
1/1/2025 3:55,93801.66,93838.04,93801.65,93838.04,6.97252
1/1/2025 4:00,93838.04,93838.04,93733.28,93797.95,54.89707
1/1/2025 4:05,93797.96,93797.96,93727.36,93727.36,12.55923
1/1/2025 4:10,93727.37,93727.37,93689.96,93711.19,20.01233
1/1/2025 4:15,93711.18,93718.23,93679.07,93705.73,20.95088
1/1/2025 4:20,93705.74,93771.99,93688.53,93698.98,18.60924
1/1/2025 4:25,93698.98,93747.47,93690.89,93738.09,13.97592
1/1/2025 4:30,93738.09,93738.1,93674.18,93674.34,13.82388
1/1/2025 4:35,93674.33,93674.34,93616.82,93638.53,22.96567
1/1/2025 4:40,93638.53,93645.13,93626.11,93645.13,9.10569
1/1/2025 4:45,93645.12,93670,93607.86,93633.99,19.42639
1/1/2025 4:50,93633.98,93670,93626.75,93648.99,13.54025
1/1/2025 4:55,93648.99,93669.99,93500,93553.91,59.60254
1/1/2025 5:00,93553.91,93586.5,93547.4,93586.49,9.06194
1/1/2025 5:05,93586.5,93621.5,93581.2,93581.2,15.80294
1/1/2025 5:10,93581.2,93680,93581.2,93638.5,19.55943
1/1/2025 5:15,93638.5,93671.13,93614.5,93671.13,10.63968
1/1/2025 5:20,93671.12,93768.49,93671.12,93730,58.38748
1/1/2025 5:25,93730.01,93933.33,93729.99,93891.74,27.78431
1/1/2025 5:30,93891.74,93937.19,93840,93840,16.30363
1/1/2025 5:35,93840,93866.39,93821.01,93821.01,17.3295
1/1/2025 5:40,93821.01,93871.43,93799.25,93857.65,10.84107
1/1/2025 5:45,93857.66,93862.11,93836.27,93836.28,7.98453
1/1/2025 5:50,93836.27,93836.28,93804,93804.11,10.78589
1/1/2025 5:55,93804.12,93804.12,93792.01,93792.02,4.699
1/1/2025 6:00,93792.02,93792.02,93729.15,93729.15,22.92537
1/1/2025 6:05,93729.16,93729.16,93658.8,93658.81,8.82931
1/1/2025 6:10,93658.81,93673.73,93603.21,93603.22,16.37344
1/1/2025 6:15,93603.21,93663.01,93603.21,93624.26,16.08201
1/1/2025 6:20,93624.26,93701.39,93624.25,93677.17,25.11493
1/1/2025 6:25,93677.16,93681.66,93654.49,93654.5,5.33562
1/1/2025 6:30,93654.5,93654.5,93604,93615.06,63.59369
1/1/2025 6:35,93615.07,93660.03,93568.38,93647.51,40.59857
1/1/2025 6:40,93647.51,93720.01,93647.5,93720,30.18422
1/1/2025 6:45,93720.01,93722.1,93677.91,93677.91,16.65673
1/1/2025 6:50,93677.92,93722.1,93672.34,93722.1,9.64492
1/1/2025 6:55,93722.1,93757.58,93719.58,93757.58,16.93965
1/1/2025 7:00,93757.57,93757.58,93690.78,93690.79,6.72698
1/1/2025 7:05,93690.79,93704.34,93664.08,93664.09,12.31332
1/1/2025 7:10,93664.09,93686.79,93664.08,93685.25,10.23327
1/1/2025 7:15,93685.25,93731.25,93677.5,93731.24,12.51311
1/1/2025 7:20,93731.25,93757.58,93723.01,93741.64,24.73469
1/1/2025 7:25,93741.63,93786.04,93741.63,93786.03,6.11898
1/1/2025 7:30,93786.03,93786.04,93766.39,93768.58,11.69684
1/1/2025 7:35,93768.58,93800,93758.42,93780.03,17.29502
1/1/2025 7:40,93780.04,93780.04,93727.27,93741.15,8.99149
1/1/2025 7:45,93741.15,93749.26,93721.9,93721.9,18.9981
1/1/2025 7:50,93721.91,93767.76,93721.9,93767.76,5.57409
1/1/2025 7:55,93767.76,93767.76,93664.09,93684.1,62.73869
1/1/2025 8:00,93684.11,93714.09,93684.1,93714.08,14.76848
1/1/2025 8:05,93714.08,93756.02,93677.44,93729.52,32.3881
1/1/2025 8:10,93729.53,93746.4,93721.24,93746.39,24.88912
1/1/2025 8:15,93746.39,93746.4,93683.68,93683.68,21.28368
1/1/2025 8:20,93683.68,93683.69,93672.8,93672.81,5.67263
1/1/2025 8:25,93672.8,93672.81,93304,93416.41,218.37439
1/1/2025 8:30,93416.41,93514.65,93400,93457.32,35.11413
1/1/2025 8:35,93457.33,93513.3,93434.27,93467.35,25.7128
1/1/2025 8:40,93467.35,93527.21,93467.35,93476.46,18.44516
1/1/2025 8:45,93476.46,93476.46,93320,93389.99,35.90884
1/1/2025 8:50,93390,93547.83,93390,93515.16,27.46549
1/1/2025 8:55,93515.16,93515.17,93428.46,93428.46,21.68891
1/1/2025 9:00,93428.47,93486.1,93428.46,93486.09,25.05448
1/1/2025 9:05,93486.09,93486.29,93362.5,93413.88,26.7989
1/1/2025 9:10,93413.88,93420,93217.93,93327.15,62.62779
1/1/2025 9:15,93327.15,93327.15,93188,93268.17,40.15928
1/1/2025 9:20,93268.18,93303.04,93118,93118,67.31693
1/1/2025 9:25,93118,93141.92,92888,93141.91,209.82914
1/1/2025 9:30,93141.91,93302.52,93092.86,93215.52,143.30013
1/1/2025 9:35,93215.53,93215.53,93030.3,93053.07,36.97619
1/1/2025 9:40,93053.06,93121.77,93001,93106.31,49.85033
1/1/2025 9:45,93106.3,93242.43,93048.64,93204.01,31.56695
1/1/2025 9:50,93204,93446.48,93204,93403.26,69.68188
1/1/2025 9:55,93403.26,93420,93378.75,93413.06,35.33573
1/1/2025 10:00,93413.07,93534.95,93357.67,93492.57,42.13657
1/1/2025 10:05,93492.57,93529.19,93437.48,93437.49,20.14522
1/1/2025 10:10,93437.5,93441.57,93368,93384.27,21.6802
1/1/2025 10:15,93384.26,93519.64,93384.26,93519.64,21.26558
1/1/2025 10:20,93519.63,93536.75,93492,93500.17,16.36964
1/1/2025 10:25,93500.17,93525.35,93410.24,93410.25,17.27859
1/1/2025 10:30,93410.25,93509.74,93400.01,93400.02,25.67109
1/1/2025 10:35,93400.01,93418.76,93368,93382.01,19.17402
1/1/2025 10:40,93382.01,93416.64,93284,93397.96,20.51314
1/1/2025 10:45,93397.96,93416.64,93350,93365.66,17.05536
1/1/2025 10:50,93365.67,93365.67,93308.11,93325.41,18.9807
1/1/2025 10:55,93325.41,93353.18,93292.5,93326.23,25.28181
1/1/2025 11:00,93326.24,93355.66,93200,93215.04,17.78654
1/1/2025 11:05,93215.04,93355.71,93200,93355.71,22.12048
1/1/2025 11:10,93355.71,93376.63,93305.63,93331.58,36.47922
1/1/2025 11:15,93331.58,93470.36,93331.57,93411.58,43.90706
1/1/2025 11:20,93411.57,93479.58,93388,93456,22.93233
1/1/2025 11:25,93456.01,93485.88,93424.59,93485.88,16.71456
1/1/2025 11:30,93485.88,93512,93425.75,93441.61,15.42085
1/1/2025 11:35,93441.62,93441.62,93402,93429.37,10.73316
1/1/2025 11:40,93429.37,93605.82,93422.86,93593.24,46.63735
1/1/2025 11:45,93593.24,93705.08,93529.44,93535,43.99497
1/1/2025 11:50,93534.99,93540,93486.21,93486.21,17.55536
1/1/2025 11:55,93486.22,93486.22,93443.99,93444.64,27.44037
1/1/2025 12:00,93444.65,93500.48,93414.33,93500.47,30.84351
1/1/2025 12:05,93500.47,93511.37,93469.16,93482.7,19.99621
1/1/2025 12:10,93482.7,93482.7,93407.07,93451.38,15.91467
1/1/2025 12:15,93451.37,93573.17,93451.37,93544.71,27.87772
1/1/2025 12:20,93544.71,93842.1,93544.7,93782.31,160.91372
1/1/2025 12:25,93782.32,93972,93782.31,93888.31,79.17136
1/1/2025 12:30,93888.3,93909.1,93816,93816,49.90541
1/1/2025 12:35,93816.01,93876,93768,93839.99,43.18874
1/1/2025 12:40,93840,93876.28,93782.49,93782.5,19.14548
1/1/2025 12:45,93782.51,93782.51,93705.5,93710.64,21.54116
1/1/2025 12:50,93710.64,93769.39,93700.73,93769.38,14.34088
1/1/2025 12:55,93769.39,93843.99,93769.39,93820.76,16.51727
1/1/2025 13:00,93820.75,93900,93770.58,93899.99,35.5935
1/1/2025 13:05,93900,93900,93680.35,93680.36,27.22735
1/1/2025 13:10,93680.35,93707.41,93647.84,93658.13,20.51564
1/1/2025 13:15,93658.13,93727.28,93613.29,93680.49,21.27035
1/1/2025 13:20,93680.48,93706.18,93600.28,93634.69,25.17419
1/1/2025 13:25,93634.68,93792.69,93634.68,93729.3,32.62018
1/1/2025 13:30,93729.3,93859.51,93724,93854.16,21.55593
1/1/2025 13:35,93854.15,93888.98,93774.47,93777.35,19.5877
1/1/2025 13:40,93777.35,93823.87,93728.53,93776.51,19.10807
1/1/2025 13:45,93776.51,93900,93760,93897.18,26.87461
1/1/2025 13:50,93897.18,93924.24,93848,93880.48,26.43766
1/1/2025 13:55,93880.49,94058.79,93880.48,94031.76,64.39869
1/1/2025 14:00,94031.77,94371.73,94028.54,94371.72,135.02273
1/1/2025 14:05,94371.73,94450.85,94172.82,94265.92,57.35212
1/1/2025 14:10,94265.65,94348.44,94220,94245.19,57.1983
1/1/2025 14:15,94245.18,94295.85,94136.35,94168.47,58.42855
1/1/2025 14:20,94168.47,94204.81,94150,94170.94,33.44358
1/1/2025 14:25,94170.94,94170.94,93883.66,93919.99,64.74034
1/1/2025 14:30,93919.99,93920,93671.48,93789.51,77.24209
1/1/2025 14:35,93789.51,94140,93789.5,94063.97,64.52783
1/1/2025 14:40,94063.96,94100,93956,93976.51,61.21468
1/1/2025 14:45,93976.52,94225.58,93914.46,94127.91,66.61954
1/1/2025 14:50,94127.91,94185.28,94104.05,94121.99,52.44999
1/1/2025 14:55,94121.99,94183.68,94112.55,94175.89,23.66722
1/1/2025 15:00,94175.89,94265.75,94119.59,94185,30.96771
1/1/2025 15:05,94185,94198.49,94078.59,94097.49,28.17575
1/1/2025 15:10,94097.48,94106.63,93900,93982.33,41.1872
1/1/2025 15:15,93982.33,94153.31,93914.83,94148.16,40.96863
1/1/2025 15:20,94148.16,94239.93,94135.84,94216.27,34.48869
1/1/2025 15:25,94216.26,94224.92,94136.36,94160.5,45.71025
1/1/2025 15:30,94160.5,94210.9,94110.8,94132.01,28.04732
1/1/2025 15:35,94132,94174.49,94089.16,94174.48,18.36902
1/1/2025 15:40,94174.49,94247.78,94152,94247.18,32.97325
1/1/2025 15:45,94247.19,94412.52,94242.98,94336,105.31092
1/1/2025 15:50,94335.99,94368,94276.13,94353.45,35.40611
1/1/2025 15:55,94353.45,94500,94311.22,94432.94,44.4791
1/1/2025 16:00,94432.94,94492,94303.75,94342.66,125.29398
1/1/2025 16:05,94342.66,94450.82,94326.43,94421.04,37.96173
1/1/2025 16:10,94421.03,94421.04,94250,94274.63,35.76622
1/1/2025 16:15,94274.62,94274.62,94113.37,94113.38,46.77332
1/1/2025 16:20,94113.38,94209.96,94096.01,94178.34,47.70275
1/1/2025 16:25,94178.34,94227.28,94128.34,94149.98,31.47233
1/1/2025 16:30,94149.99,94157.86,94040.82,94094.57,58.26132
1/1/2025 16:35,94094.57,94188.77,94091.01,94142.1,32.10695
1/1/2025 16:40,94142.09,94142.09,94017.37,94017.38,19.26705
1/1/2025 16:45,94017.37,94047.59,94000,94016.82,61.04932
1/1/2025 16:50,94016.81,94041.55,93922,94027.86,57.22088
1/1/2025 16:55,94027.86,94090.5,93984.91,94090.49,27.39799
1/1/2025 17:00,94090.5,94131.66,94000,94000.01,28.23637
1/1/2025 17:05,94000.01,94014.51,93927.14,93958.18,21.24895
1/1/2025 17:10,93958.18,93958.19,93859.88,93863.12,41.0126
1/1/2025 17:15,93863.12,93916.55,93760.93,93794.67,51.64453
1/1/2025 17:20,93794.68,93949.38,93794.67,93937.09,26.71446
1/1/2025 17:25,93937.1,93999.56,93937.09,93973.11,14.94756
1/1/2025 17:30,93973.12,94026.94,93973.11,94011.48,17.76844
1/1/2025 17:35,94011.48,94088.84,94011.47,94062.02,20.67966
1/1/2025 17:40,94062.01,94062.02,94017.64,94027.41,12.45603
1/1/2025 17:45,94027.4,94027.41,93897.75,93920.01,23.73377
1/1/2025 17:50,93920.01,94151.04,93920,94116.01,29.22231
1/1/2025 17:55,94116,94189.16,94108,94143.85,16.20327
1/1/2025 18:00,94143.84,94155.78,94024.01,94033.24,20.58822
1/1/2025 18:05,94033.23,94033.24,93964,93998.12,15.90504
1/1/2025 18:10,93998.12,94026.99,93936.44,93999.51,12.36016
1/1/2025 18:15,93999.52,94126.82,93999.51,94126.82,21.6234
1/1/2025 18:20,94126.82,94206,94120.16,94184.56,14.55623
1/1/2025 18:25,94184.56,94240.44,94168,94208.43,13.02503
1/1/2025 18:30,94208.43,94300,94203.69,94264.68,28.68456
1/1/2025 18:35,94264.67,94305.73,94191.73,94284.42,32.29805
1/1/2025 18:40,94284.43,94300.06,94225.97,94278.71,23.93547
1/1/2025 18:45,94278.72,94380.44,94278.72,94297.41,45.18486
1/1/2025 18:50,94297.42,94314.55,94234.24,94246.52,27.82748
1/1/2025 18:55,94246.53,94375.48,94244,94340.06,35.79981
1/1/2025 19:00,94340.06,94370,94301.03,94348.49,27.66542
1/1/2025 19:05,94348.5,94348.5,94275.39,94299.66,17.42417
1/1/2025 19:10,94299.67,94398.74,94276.68,94353.01,23.36921
1/1/2025 19:15,94353.02,94353.02,94169.89,94246.82,33.04381
1/1/2025 19:20,94246.81,94289.99,94168.01,94226.34,24.41357
1/1/2025 19:25,94226.33,94265.87,94220.31,94261.99,21.77698
1/1/2025 19:30,94261.99,94262,94148.34,94196,27.01143
1/1/2025 19:35,94195.99,94381.21,94195.99,94337.21,29.57314
1/1/2025 19:40,94337.22,94450.81,94293.95,94447.76,39.37864
1/1/2025 19:45,94447.77,94823.75,94394.31,94742.42,151.12384
1/1/2025 19:50,94742.43,94803.03,94600.19,94607.12,55.55136
1/1/2025 19:55,94607.13,94658.04,94525.15,94627.07,94.79215
1/1/2025 20:00,94627.08,94793.77,94627.07,94772,40.42484
1/1/2025 20:05,94772,94785.09,94704.4,94718.05,37.67095
1/1/2025 20:10,94718.05,94725.16,94662.99,94696.79,24.2259
1/1/2025 20:15,94696.79,94836,94624.37,94624.38,69.12151
1/1/2025 20:20,94624.37,94666.42,94579.83,94608.5,27.68055
1/1/2025 20:25,94608.51,94722.65,94608.5,94711.84,22.27581
1/1/2025 20:30,94711.84,94797.17,94700.05,94708,38.88734
1/1/2025 20:35,94708,94756.91,94644.15,94644.98,20.32473
1/1/2025 20:40,94644.98,94774.42,94644.97,94724.02,28.71454
1/1/2025 20:45,94724.02,94847.98,94716.43,94847.98,32.40022
1/1/2025 20:50,94847.97,94852.06,94785.05,94847.03,40.68282
1/1/2025 20:55,94847.04,94852.7,94771.02,94786.23,42.01547
1/1/2025 21:00,94786.23,94917.87,94781.08,94880.06,75.09573
1/1/2025 21:05,94880.39,94880.39,94750.01,94750.01,36.17293
1/1/2025 21:10,94750.01,94801.89,94687.87,94772.73,77.72744
1/1/2025 21:15,94772.72,94824.32,94766.49,94780.14,19.84015
1/1/2025 21:20,94780.15,95151.15,94780.14,95065.69,154.16268
1/1/2025 21:25,95065.69,95065.69,94936.49,94955.98,28.22752
1/1/2025 21:30,94955.99,95000,94780.14,94833.36,35.71985
1/1/2025 21:35,94833.36,94833.36,94734.57,94772.73,28.10509
1/1/2025 21:40,94772.73,94922.57,94772.72,94788.8,45.91701
1/1/2025 21:45,94789.18,94873.91,94789.18,94845.85,33.09134
1/1/2025 21:50,94845.86,94961.88,94844,94922.34,49.20107
1/1/2025 21:55,94922.34,94984.85,94874.5,94978.48,53.55075
1/1/2025 22:00,94978.48,94997.32,94856.62,94856.63,24.14982
1/1/2025 22:05,94856.63,94884.17,94685.81,94734.54,58.60335
1/1/2025 22:10,94734.54,94848.02,94731.47,94836.01,45.72687
1/1/2025 22:15,94836.01,94859.42,94766.08,94767.02,29.02528
1/1/2025 22:20,94767.02,94828.65,94767.01,94816.05,27.87686
1/1/2025 22:25,94816.05,94824.82,94720.43,94735.5,30.88767
1/1/2025 22:30,94735.49,94805.37,94735.49,94790.59,26.15648
1/1/2025 22:35,94790.6,94850,94790.59,94833.41,47.22859
1/1/2025 22:40,94833.4,94970.34,94830.5,94955.21,30.528
1/1/2025 22:45,94955.2,94955.21,94897.81,94897.82,11.22922
1/1/2025 22:50,94897.82,94897.82,94830.36,94893.06,22.40026
1/1/2025 22:55,94893.07,94908.98,94767.77,94802.98,55.96162
1/1/2025 23:00,94802.99,94829.92,94666.3,94807.99,61.47648
1/1/2025 23:05,94807.99,94952.29,94795.49,94888.01,35.1348
1/1/2025 23:10,94888.01,94924.25,94826.71,94853.31,31.39134
1/1/2025 23:15,94853.31,94853.31,94681.81,94700.01,28.53586
1/1/2025 23:20,94700.01,94720.1,94642.39,94642.4,57.30061
1/1/2025 23:25,94642.39,94674.2,94600,94637.69,29.68262
1/1/2025 23:30,94637.69,94691.11,94613.47,94691.11,30.41808
1/1/2025 23:35,94691.11,94691.11,94542,94623.99,39.951
1/1/2025 23:40,94623.99,94757.29,94623.99,94732.01,18.70048
1/1/2025 23:45,94732.01,94756.61,94642.93,94642.94,27.2185
1/1/2025 23:50,94642.93,94644.57,94592.26,94601.27,48.44934
1/1/2025 23:55,94601.28,94665.22,94591.21,94591.79,28.64873
1/2/2025 0:00,94591.78,94627.53,94469.79,94472.98,76.57087
1/2/2025 0:05,94472.98,94586.6,94462.88,94564.01,40.16235
1/2/2025 0:10,94564.01,94564.01,94466.16,94530.31,29.78798
1/2/2025 0:15,94530.3,94590.9,94392,94468.08,49.12009
1/2/2025 0:20,94468.08,94852.07,94428,94852.07,87.53976
1/2/2025 0:25,94852.07,95200,94852.07,94928.71,216.39594
1/2/2025 0:30,94928.71,95140.01,94724,95045.46,142.09637
1/2/2025 0:35,95045.46,95166.67,94906.07,95111.52,149.54103
1/2/2025 0:40,95111.54,95150.99,94977.27,95105,92.34687
1/2/2025 0:45,95105,95372,94984.66,95320.2,171.23286
1/2/2025 0:50,95320.2,95381.7,95239.22,95266.7,77.59907
1/2/2025 0:55,95266.69,95300.58,95060,95128.59,49.37254
1/2/2025 1:00,95128.59,95419.81,95116.01,95254.76,343.06146
1/2/2025 1:05,95254.77,95516,95248,95392.01,149.65948
1/2/2025 1:10,95392.01,95392.01,95262.14,95337,62.78553
1/2/2025 1:15,95337,95418.41,95209.92,95238.64,85.2241
1/2/2025 1:20,95238.64,95277.25,95020,95067.99,66.15071
1/2/2025 1:25,95067.98,95166.67,95064.85,95081.09,42.23355
1/2/2025 1:30,95081.08,95081.09,94699.69,94776.01,226.13384
1/2/2025 1:35,94776,95015.16,94738.84,95015.15,65.57404
1/2/2025 1:40,95015.15,95048.82,94968.05,94996.5,33.16988
1/2/2025 1:45,94996.5,95001.36,94854.05,94903.9,28.52412
1/2/2025 1:50,94903.9,94990.56,94896,94942.25,18.73637
1/2/2025 1:55,94942.25,94957.42,94855.54,94862.72,22.11309
1/2/2025 2:00,94862.73,94882.16,94803.03,94871.99,27.42577
1/2/2025 2:05,94872,95037.68,94860.98,95033.88,43.80352
1/2/2025 2:10,95033.88,95124.1,95020.52,95020.53,20.00625
1/2/2025 2:15,95020.53,95020.53,94840,94912.07,18.16579
1/2/2025 2:20,94912.07,95043.85,94912.06,94988.72,27.1301
1/2/2025 2:25,94988.71,95136.37,94985.6,95026.52,100.92444
1/2/2025 2:30,95026.51,95026.51,94829,94924.22,27.97722
1/2/2025 2:35,94924.22,95124,94912.93,95074.76,51.57095
1/2/2025 2:40,95074.77,95112.34,95027,95027.01,33.53336
1/2/2025 2:45,95027,95152,95027,95072,49.78553
1/2/2025 2:50,95071.14,95152,95071.13,95147.4,18.15673
1/2/2025 2:55,95147.4,95234.37,95130.07,95234.36,37.17034
1/2/2025 3:00,95234.37,95299.24,95104,95136.66,64.28702
1/2/2025 3:05,95136.67,95136.67,94999.98,94999.99,28.84088
1/2/2025 3:10,94999.98,95016.5,94960.36,95005.1,14.53591
1/2/2025 3:15,95005.1,95124.75,95005.09,95064.29,48.2166
1/2/2025 3:20,95064.29,95151,95064.28,95097.81,11.6282
1/2/2025 3:25,95097.81,95123.97,95075.76,95075.77,11.32308
1/2/2025 3:30,95075.77,95093.83,94967.46,94967.47,21.22827
1/2/2025 3:35,94967.46,95010.78,94952,94952,13.95705
1/2/2025 3:40,94952.01,95002.48,94922.26,94922.26,16.37142
1/2/2025 3:45,94922.26,94964,94913.75,94936.25,29.63414
1/2/2025 3:50,94936.24,95009.53,94927.07,95009.53,16.41366
1/2/2025 3:55,95009.52,95017.46,95000.01,95010.33,13.84963
1/2/2025 4:00,95010.34,95193.16,95010.33,95018.12,66.47232
1/2/2025 4:05,95018.12,95185.18,94984.84,95163.45,37.33515
1/2/2025 4:10,95163.45,95273.45,95140,95157.15,65.3559
1/2/2025 4:15,95157.15,95206.78,95099.98,95113.26,22.90655
1/2/2025 4:20,95113.25,95136.37,95045.83,95123.57,24.34183
1/2/2025 4:25,95123.57,95186,95123.57,95173.88,17.83547
1/2/2025 4:30,95173.87,95375.82,95173.87,95312.78,34.44872
1/2/2025 4:35,95312.78,95768.79,95312.78,95732,271.13263
1/2/2025 4:40,95732,95970,95705.38,95812.79,168.12164
1/2/2025 4:45,95812.79,96000,95812.78,95917.65,110.74826
1/2/2025 4:50,95917.65,95993.11,95726.52,95788.66,72.90411
1/2/2025 4:55,95788.66,95800.9,95670.69,95708.07,34.01661
1/2/2025 5:00,95708.07,95729.01,95520,95524.74,48.65812
1/2/2025 5:05,95524.75,95529.03,95446.9,95483.11,80.58055
1/2/2025 5:10,95483.11,95555.25,95464.09,95470.01,35.50622
1/2/2025 5:15,95470.01,95600,95395.21,95588.5,71.81887
1/2/2025 5:20,95588.5,95688.99,95564.17,95617.08,121.18771
1/2/2025 5:25,95617.07,95800,95617.07,95760.99,156.40798
1/2/2025 5:30,95760.98,95760.99,95686.04,95702,21.46428
1/2/2025 5:35,95702.01,95755.93,95702,95742.43,28.18074
1/2/2025 5:40,95742.43,95772.73,95716,95772.72,15.87879
1/2/2025 5:45,95772.73,95775.37,95664,95695.99,21.94243
1/2/2025 5:50,95695.99,95700.88,95508.11,95644.36,72.41484
1/2/2025 5:55,95644.36,95656.04,95548.7,95596.48,28.07668
1/2/2025 6:00,95596.48,95677.08,95547.63,95668.01,39.30247
1/2/2025 6:05,95668.02,95697.01,95500,95513.24,30.22069
1/2/2025 6:10,95513.24,95557.46,95477,95531.25,20.30376
1/2/2025 6:15,95531.25,95531.26,95422.43,95444.99,26.43854
1/2/2025 6:20,95444.99,95486.27,95380.04,95459.83,57.06819
1/2/2025 6:25,95459.83,95515.95,95459.82,95460,18.19341
1/2/2025 6:30,95460,95498.21,95384.57,95487.15,208.29346
1/2/2025 6:35,95487.15,95593.92,95467.46,95561.25,26.41229
1/2/2025 6:40,95561.26,95581.75,95518.56,95530.3,16.5731
1/2/2025 6:45,95530.31,95560.61,95469.07,95469.07,19.83345
1/2/2025 6:50,95469.07,95543.79,95469.07,95506.34,31.73089
1/2/2025 6:55,95506.34,95594.15,95506.33,95574.99,23.09747
1/2/2025 7:00,95575,95640.82,95527.85,95530.3,26.51594
1/2/2025 7:05,95530.3,95678.19,95505.35,95678.19,26.5543
1/2/2025 7:10,95678.19,95749.58,95659.44,95699.98,27.67014
1/2/2025 7:15,95699.98,95759.98,95657.91,95728.1,43.86542
1/2/2025 7:20,95728.1,95836,95718.52,95836,35.66017
1/2/2025 7:25,95836,95836,95773.3,95773.3,49.99643
1/2/2025 7:30,95773.3,95833.34,95736.48,95825.28,24.90746
1/2/2025 7:35,95825.28,95880,95800.06,95865.11,37.07212
1/2/2025 7:40,95865.11,95876,95820,95840,22.17661
1/2/2025 7:45,95839.99,95840,95757.62,95799.49,28.59184
1/2/2025 7:50,95799.49,95828.96,95692.46,95745,53.81603
1/2/2025 7:55,95745,95850.49,95744.99,95822,75.80127
1/2/2025 8:00,95822.01,95893.94,95822.01,95893.94,53.66689
1/2/2025 8:05,95893.94,95934.97,95834.5,95890.86,57.36044
1/2/2025 8:10,95890.86,96050.03,95875.17,95963.58,111.46982
1/2/2025 8:15,95963.58,95982.87,95829.21,95845.6,97.42343
1/2/2025 8:20,95845.6,95845.6,95693.56,95693.56,64.39363
1/2/2025 8:25,95693.55,95749.38,95650.78,95721.42,31.38595
1/2/2025 8:30,95721.43,95795.5,95640.05,95783.93,34.85375
1/2/2025 8:35,95783.93,95791.67,95752,95784.29,16.75703
1/2/2025 8:40,95784.28,95944.32,95784.28,95944.31,53.87475
1/2/2025 8:45,95944.31,96036.98,95924.24,96015.16,31.68622
1/2/2025 8:50,96015.16,96150,95967.79,96150,91.72371
1/2/2025 8:55,96149.99,96211.54,96090.15,96150,200.16601
1/2/2025 9:00,96150,96197.5,96036.86,96197.49,138.7721
1/2/2025 9:05,96197.5,96241.6,96125.19,96137.71,47.02432
1/2/2025 9:10,96137.72,96226.53,96137.71,96199.96,42.52257
1/2/2025 9:15,96199.95,96435.67,96199.95,96379.49,120.59727
1/2/2025 9:20,96379.48,96432.51,96302,96413.61,43.75467
1/2/2025 9:25,96413.17,96430.27,96335.82,96393.5,73.8094
1/2/2025 9:30,96393.51,96489.58,96342,96484.57,40.03532
1/2/2025 9:35,96484.56,96490.47,96382,96410.23,40.66415
1/2/2025 9:40,96410.22,96410.23,96350,96350,34.82619
1/2/2025 9:45,96350,96374.18,96287.87,96345.25,93.65855
1/2/2025 9:50,96345.26,96564.76,96345.26,96532.7,84.41415
1/2/2025 9:55,96532.7,96799.86,96522.73,96755.51,215.94659
1/2/2025 10:00,96755.51,96808.37,96640.25,96654.59,135.23183
1/2/2025 10:05,96654.33,96700,96578.03,96627.36,79.62259
1/2/2025 10:10,96627.35,96690,96563.77,96606.14,85.04989
1/2/2025 10:15,96606.14,96695,96603.43,96695,104.57358
1/2/2025 10:20,96695,96747,96657,96686.73,79.97973
1/2/2025 10:25,96686.72,96778.85,96677.04,96697.95,56.91774
1/2/2025 10:30,96697.95,96743.08,96600,96742.02,38.70097
1/2/2025 10:35,96742.02,96764.02,96610.7,96689.83,49.57579
1/2/2025 10:40,96689.83,96689.84,96590.36,96610.39,49.23803
1/2/2025 10:45,96610.39,96684.95,96567.73,96604.17,51.78462
1/2/2025 10:50,96604.18,96614.99,96538.77,96594.69,37.02133
1/2/2025 10:55,96594.7,96722.23,96594.69,96708,59.05076
1/2/2025 11:00,96708,96727.65,96646.6,96692.34,50.53061
1/2/2025 11:05,96692.34,96876.38,96666.94,96833.61,57.00836
1/2/2025 11:10,96833.6,96853.59,96719.01,96759.98,48.99899
1/2/2025 11:15,96759.99,96760,96655.41,96702.01,47.96613
1/2/2025 11:20,96702.01,96702.01,96477.19,96490.84,94.12482
1/2/2025 11:25,96490.83,96634.61,96469.46,96556.16,65.68325
1/2/2025 11:30,96556.16,96629.29,96550.69,96586.01,38.35944
1/2/2025 11:35,96586.01,96702.7,96586,96702.69,27.56538
1/2/2025 11:40,96702.69,96727.27,96662.64,96691.9,33.46799
1/2/2025 11:45,96691.91,96789.47,96666.68,96754.34,24.05193
1/2/2025 11:50,96754.34,96754.34,96608.35,96643.13,21.94568
1/2/2025 11:55,96643.13,96740,96643.13,96732.99,23.96116
1/2/2025 12:00,96733,96792.28,96733,96787.88,60.89281
1/2/2025 12:05,96787.88,96789.63,96682.69,96727.99,60.92371
1/2/2025 12:10,96727.99,96863.92,96704,96806.26,48.7485
1/2/2025 12:15,96806.27,96895,96788.2,96887.27,47.84498
1/2/2025 12:20,96887.28,96887.28,96609.42,96660.01,96.52069
1/2/2025 12:25,96660.02,96754.73,96643.89,96754.72,45.0953
1/2/2025 12:30,96754.72,96817.25,96611,96660,64.17502
1/2/2025 12:35,96660.01,96717.45,96638.46,96688.37,31.85775
1/2/2025 12:40,96688.36,96715.5,96666.65,96672.01,31.29632
1/2/2025 12:45,96672,96857.14,96672,96819.39,67.7362
1/2/2025 12:50,96819.4,96839.27,96774.74,96821.16,63.16743
1/2/2025 12:55,96821.16,96865.05,96816.91,96850.01,59.04639
1/2/2025 13:00,96850.01,96900,96763.96,96816.54,54.44155
1/2/2025 13:05,96816.54,96865.79,96796.16,96863.94,41.68396
1/2/2025 13:10,96863.94,96988.05,96744.74,96764.52,118.24633
1/2/2025 13:15,96764.52,96871.28,96630,96714.63,193.03027
1/2/2025 13:20,96714.62,96714.63,96640.19,96702.94,63.23006
1/2/2025 13:25,96702.94,96831.45,96702.94,96763.6,43.51132
1/2/2025 13:30,96763.61,96794.97,96655.99,96697.34,74.91858
1/2/2025 13:35,96697.33,96759.78,96597.15,96667.69,53.8766
1/2/2025 13:40,96667.68,96718.7,96636.95,96668,53.83295
1/2/2025 13:45,96668,96673.17,96482.41,96577.51,78.96949
1/2/2025 13:50,96577.5,96644,96436,96442.44,91.70788
1/2/2025 13:55,96442.44,96480.7,96436,96458.17,35.82548
1/2/2025 14:00,96458.17,96458.83,95924.6,96000,294.50758
1/2/2025 14:05,95999.99,96444.32,95998.21,96425.51,167.76108
1/2/2025 14:10,96425.52,96452,96240.76,96368.06,92.78456
1/2/2025 14:15,96368.06,96452,96144.01,96199.98,70.53889
1/2/2025 14:20,96199.98,96359.98,96158.22,96353.63,54.00556
1/2/2025 14:25,96353.63,96491.15,96353.28,96474.83,75.94856
1/2/2025 14:30,96474.83,97440.91,96361.44,96668,717.63763
1/2/2025 14:35,96667.99,96729.56,96267.45,96306.18,342.01501
1/2/2025 14:40,96306.17,96919.1,96274.53,96812.44,225.14173
1/2/2025 14:45,96812.99,97237.85,96809.97,97131,374.48877
1/2/2025 14:50,97140,97360.88,96880.01,97340,298.01528
1/2/2025 14:55,97339.99,97340,97067.3,97256.49,294.25991
1/2/2025 15:00,97256.48,97323.16,96960,97136.94,234.04008
1/2/2025 15:05,97136.94,97286.58,97017.25,97140.48,157.14173
1/2/2025 15:10,97140.47,97246.48,97007.05,97034.78,153.26155
1/2/2025 15:15,97034.07,97104,96678.7,96690.81,167.8958
1/2/2025 15:20,96690.82,96725.51,96313,96424.83,236.23348
1/2/2025 15:25,96424.7,96678.27,96400,96666.85,112.63398
1/2/2025 15:30,96666.85,96744.82,96351.52,96362.4,225.89896
1/2/2025 15:35,96362.4,96480,96164.78,96429.15,230.55006
1/2/2025 15:40,96429.15,96533.07,96201.92,96346.24,117.03714
1/2/2025 15:45,96346.23,96639.66,96207.07,96587.3,116.55333
1/2/2025 15:50,96587.3,96587.3,96288,96528.82,134.47736
1/2/2025 15:55,96528.81,96539.99,96419.74,96455.01,121.32353
1/2/2025 16:00,96455.01,96524.68,96040.04,96130.75,174.2442
1/2/2025 16:05,96130.75,96393.94,96096.98,96376.75,115.90686
1/2/2025 16:10,96376.75,96721.23,96252.35,96652.57,121.6222
1/2/2025 16:15,96652.56,97015.38,96652.56,96971.29,167.69826
1/2/2025 16:20,96971.3,97218.93,96925.6,97218.92,183.39056
1/2/2025 16:25,97218.92,97387.15,97170.08,97387.15,155.17236
1/2/2025 16:30,97387.14,97550,97246.88,97533.54,173.02411
1/2/2025 16:35,97533.54,97600,97475.8,97563.44,122.9229
1/2/2025 16:40,97563.44,97600,97295.11,97438.33,179.45534
1/2/2025 16:45,97438.34,97650,97342,97614.93,116.13046
1/2/2025 16:50,97614.93,97619.42,97152.89,97220,147.26258
1/2/2025 16:55,97220,97299.34,97181.94,97229.74,68.20007
1/2/2025 17:00,97229.75,97320.64,97101.19,97320.64,56.69878
1/2/2025 17:05,97321.5,97333.34,97150.3,97218.37,41.16661
1/2/2025 17:10,97218.38,97591.84,97218.37,97546.33,99.00612
1/2/2025 17:15,97546.33,97554.34,97426,97518.29,62.31443
1/2/2025 17:20,97518.29,97518.29,97266,97297.95,77.25915
1/2/2025 17:25,97297.95,97338.2,97033.95,97084.41,148.03278
1/2/2025 17:30,97084.41,97099.46,96761.59,96806.44,154.08611
1/2/2025 17:35,96806.43,96814.9,96350.67,96366.44,159.88421
1/2/2025 17:40,96366.44,96731.42,96333.95,96660,206.06294
1/2/2025 17:45,96659.51,96659.51,96325.44,96364.25,93.14453
1/2/2025 17:50,96364.25,96655.99,96330.18,96619.13,106.66774
1/2/2025 17:55,96619.12,96757.58,96555.9,96757.57,68.43435
1/2/2025 18:00,96757.57,96834.47,96400,96466.97,97.84348
1/2/2025 18:05,96466.98,97049.69,96441.47,96966.01,83.15056
1/2/2025 18:10,96966.01,97030.28,96775.55,96848.49,98.73446
1/2/2025 18:15,96848.49,96897.2,96740,96859.77,83.23684
1/2/2025 18:20,96858,97113.44,96858,96859.99,80.72441
1/2/2025 18:25,96859.99,96903,96761.13,96903,35.46043
1/2/2025 18:30,96902.99,96902.99,96639.31,96652.03,64.03343
1/2/2025 18:35,96652.03,96941.14,96634.61,96906.07,37.81714
1/2/2025 18:40,96906.06,97102.56,96843.21,97090.54,65.44947
1/2/2025 18:45,97090.54,97228.5,97041.01,97112.67,67.50755
1/2/2025 18:50,97112.66,97143.73,97024.19,97119.02,61.81177
1/2/2025 18:55,97119.01,97350,97119.01,97319.74,64.13506
1/2/2025 19:00,97319.74,97433.62,97212.81,97433.61,63.60671
1/2/2025 19:05,97433.61,97573.66,97412.56,97561.61,114.99969
1/2/2025 19:10,97561.61,97586.34,97470.74,97482.91,63.82932
1/2/2025 19:15,97482.9,97582.38,97479.59,97561.74,37.38129
1/2/2025 19:20,97561.74,97600,97515.69,97600,34.03736
1/2/2025 19:25,97600,97777,97587.67,97600,91.99877
1/2/2025 19:30,97600,97600,97294.59,97326,90.22627
1/2/2025 19:35,97325.09,97372.62,97200,97297.29,50.90863
1/2/2025 19:40,97297.28,97474.43,97272.72,97415.65,30.62622
1/2/2025 19:45,97415.64,97591.69,97312.88,97471.5,67.29621
1/2/2025 19:50,97471.31,97585.93,97400,97531.43,35.85256
1/2/2025 19:55,97531.44,97531.44,97286.45,97317.74,33.64662
1/2/2025 20:00,97317.74,97680,97317.74,97679.99,61.22224
1/2/2025 20:05,97679.99,97680,97548,97629.94,38.47762
1/2/2025 20:10,97629.95,97769.23,97583.51,97769.23,52.79748
1/2/2025 20:15,97769.22,97773.63,97619.26,97773.61,43.19422
1/2/2025 20:20,97773.62,97839.5,97741.46,97827.75,93.46821
1/2/2025 20:25,97827.75,97827.76,97600,97600,52.55463
1/2/2025 20:30,97600.01,97728.93,97520.38,97529.31,65.83194
1/2/2025 20:35,97529.32,97529.33,97335.43,97402.53,59.23236
1/2/2025 20:40,97402.52,97503.84,97400,97462,37.07514
1/2/2025 20:45,97462,97609,97408.66,97608.99,53.78908
1/2/2025 20:50,97609,97705.88,97393.93,97393.94,74.35603
1/2/2025 20:55,97393.93,97439.99,97300,97306.46,86.84785
1/2/2025 21:00,97306.46,97355.77,97300.47,97312.01,36.39155
1/2/2025 21:05,97312.01,97312.01,97163.47,97203.54,55.66661
1/2/2025 21:10,97203.53,97279.74,97186.16,97219.73,34.47943
1/2/2025 21:15,97219.73,97251.27,97163.51,97212.13,34.86826
1/2/2025 21:20,97212.14,97212.14,97060.52,97147.63,38.49174
1/2/2025 21:25,97147.63,97166.91,97124.47,97124.48,16.58205
1/2/2025 21:30,97124.48,97135.82,97040.16,97116.84,30.56923
1/2/2025 21:35,97116.85,97237,97116.84,97236.99,29.47411
1/2/2025 21:40,97236.98,97265.28,97184.52,97200,17.95271
1/2/2025 21:45,97199.99,97230.01,97138.6,97190.26,38.9668
1/2/2025 21:50,97190.27,97250.1,97135.5,97243.98,36.92956
1/2/2025 21:55,97243.98,97260.85,97202.64,97212.68,23.77522
1/2/2025 22:00,97212.69,97212.69,97064.76,97064.77,25.72109
1/2/2025 22:05,97064.77,97145.35,97055,97131.96,19.49738
1/2/2025 22:10,97131.96,97131.97,97000.48,97000.48,23.3427
1/2/2025 22:15,97000.48,97000.48,96872,96872.01,59.44428
1/2/2025 22:20,96872,96872,96666.66,96722.74,81.53011
1/2/2025 22:25,96722.74,96970.01,96722.74,96882.8,63.30467
1/2/2025 22:30,96882.8,97042.26,96882.79,97004.57,31.22978
1/2/2025 22:35,97004.57,97004.58,96841.69,96946.69,23.41113
1/2/2025 22:40,96946.7,96946.7,96841.69,96916.95,26.91627
1/2/2025 22:45,96916.94,97017.29,96861.4,96960.5,28.45419
1/2/2025 22:50,96960.51,96971.15,96940,96940,14.79961
1/2/2025 22:55,96940.01,96984,96911.04,96911.04,21.12971
1/2/2025 23:00,96911.04,97017.45,96869.53,97010.24,46.78292
1/2/2025 23:05,97010.25,97022.76,96758.17,96768.91,107.80596
1/2/2025 23:10,96768.91,96851.93,96768.9,96848.49,40.07846
1/2/2025 23:15,96848.49,96904.05,96820.42,96904.04,17.9199
1/2/2025 23:20,96904.04,96957.62,96872.9,96881.43,45.59233
1/2/2025 23:25,96881.56,96980,96881.56,96973.53,20.04152
1/2/2025 23:30,96973.52,97077.78,96972.01,96972.02,25.60785
1/2/2025 23:35,96972.01,97022.24,96948,96955.38,26.73224
1/2/2025 23:40,96955.39,96997.53,96889.21,96997.53,21.79931
1/2/2025 23:45,96997.52,96997.53,96847.16,96916.67,57.74481
1/2/2025 23:50,96916.68,96977.99,96916.67,96949.15,15.78808
1/2/2025 23:55,96949.15,96984.79,96949.15,96984.79,15.89096
1/3/2025 0:00,96984.79,97028.08,96959.81,96981.56,32.62107
1/3/2025 0:05,96981.57,97080.96,96961.22,97008.83,33.63487
1/3/2025 0:10,97008.83,97008.83,96945.21,96945.21,19.72676
1/3/2025 0:15,96945.22,96945.22,96848.48,96848.49,11.76935
1/3/2025 0:20,96848.49,96964.99,96796.56,96905.19,56.28616
1/3/2025 0:25,96905.18,97039.97,96905.18,97025.92,34.37477
1/3/2025 0:30,97025.92,97068.14,96967.51,96967.51,24.15235
1/3/2025 0:35,96967.51,97000.85,96906.34,96906.34,24.23579
1/3/2025 0:40,96906.34,96957.02,96890.99,96913.84,16.39428
1/3/2025 0:45,96913.83,96994.62,96888.38,96888.38,16.07685
1/3/2025 0:50,96888.38,96888.39,96799.96,96844.38,24.83498
1/3/2025 0:55,96844.39,96866.34,96825.82,96825.82,20.9025
1/3/2025 1:00,96825.83,96900,96757.06,96814.85,36.27781
1/3/2025 1:05,96814.84,96867.54,96776.48,96832.01,40.75824
1/3/2025 1:10,96832.01,96838.74,96705.62,96730,38.4131
1/3/2025 1:15,96730,96733.6,96650,96711.6,29.22487
1/3/2025 1:20,96711.59,96872.69,96711.59,96872.68,29.1352
1/3/2025 1:25,96872.68,96907.13,96825.79,96907.12,14.48744
1/3/2025 1:30,96907.13,96907.13,96780,96780.01,14.61853
1/3/2025 1:35,96780.01,96800,96684.58,96746.46,20.35538
1/3/2025 1:40,96746.46,96746.47,96682.69,96746.46,24.17919
1/3/2025 1:45,96746.47,96800.73,96702.38,96772.4,25.70409
1/3/2025 1:50,96772.4,97000,96772.39,96999.99,42.93141
1/3/2025 1:55,97000,97000,96962.47,96985.47,26.27388
1/3/2025 2:00,96985.47,96985.47,96856.98,96874.42,22.13961
1/3/2025 2:05,96874.42,97000,96858.01,96991.53,17.94648
1/3/2025 2:10,96991.53,97100,96984.02,97100,34.28066
1/3/2025 2:15,97100,97277.85,97072,97252.02,45.45305
1/3/2025 2:20,97252.02,97342.44,97252.02,97265.81,43.15464
1/3/2025 2:25,97265.8,97276,97150.2,97259,58.4496
1/3/2025 2:30,97258.99,97262.19,97151.6,97156.5,39.62914
1/3/2025 2:35,97156.5,97181.71,97068,97163.09,29.92116
1/3/2025 2:40,97163.09,97163.5,97083.9,97083.9,22.37297
1/3/2025 2:45,97083.9,97141.89,97072.82,97101.4,26.15583
1/3/2025 2:50,97101.4,97137.1,97017.87,97031.57,22.94813
1/3/2025 2:55,97031.56,97052.21,96952.66,96966.85,26.18881
1/3/2025 3:00,96966.85,97060.61,96966.84,97004.86,26.64722
1/3/2025 3:05,97004.85,97084.25,97004.85,97025.43,39.96316
1/3/2025 3:10,97025.44,97025.44,96980,96980.01,12.38892
1/3/2025 3:15,96980,96995.51,96936.87,96961.7,19.28214
1/3/2025 3:20,96961.69,96961.7,96833.99,96936.47,40.82368
1/3/2025 3:25,96936.47,96983.85,96930.68,96941.88,18.93976
1/3/2025 3:30,96941.87,96965.75,96876.8,96965.75,21.05798
1/3/2025 3:35,96965.75,97009.5,96952.88,96952.89,14.20208
1/3/2025 3:40,96952.89,96952.9,96908.34,96936.04,13.14276
1/3/2025 3:45,96936.04,96989.5,96918,96989.5,12.02606
1/3/2025 3:50,96989.5,97082.84,96989.49,97082.83,20.67279
1/3/2025 3:55,97082.84,97090.91,97044.27,97062.3,16.60265
1/3/2025 4:00,97062.3,97066.18,96905.96,97004,43.19691
1/3/2025 4:05,97004,97013.33,96964.01,97000.01,12.80794
1/3/2025 4:10,97000,97006.23,96950.48,96962.4,16.80171
1/3/2025 4:15,96962.4,97013.35,96962.39,96999.99,14.70017
1/3/2025 4:20,96999.99,97016,96923.07,96923.07,15.87344
1/3/2025 4:25,96923.07,96924.83,96878.52,96920.26,19.10974
1/3/2025 4:30,96920.27,96962.56,96920.27,96931.62,11.25073
1/3/2025 4:35,96931.62,96931.63,96834.3,96844.08,20.40387
1/3/2025 4:40,96844.07,96895.99,96809.52,96895.99,40.40428
1/3/2025 4:45,96895.98,96895.99,96813.75,96867.28,26.01612
1/3/2025 4:50,96867.28,96878.79,96766.51,96792.71,22.29061
1/3/2025 4:55,96792.71,96814.54,96778.4,96813.41,22.66661
1/3/2025 5:00,96813.49,96860.48,96731.07,96733.01,20.16765
1/3/2025 5:05,96733.01,96749.58,96610.29,96676.35,36.49131
1/3/2025 5:10,96676.36,96789.9,96676.35,96769.15,29.51637
1/3/2025 5:15,96769.15,96820,96720,96792.83,24.00396
1/3/2025 5:20,96792.83,96792.83,96628.18,96640.87,53.87076
1/3/2025 5:25,96640.87,96678.76,96590.28,96678.76,24.96201
1/3/2025 5:30,96678.76,96715.97,96639.7,96664.98,20.04536
1/3/2025 5:35,96664.7,96746.68,96642.01,96746.68,26.0556
1/3/2025 5:40,96746.67,96778.85,96693.24,96750.36,18.33448
1/3/2025 5:45,96750.36,96795.84,96712.91,96777.41,25.26515
1/3/2025 5:50,96777.4,96813.77,96760.13,96760.14,26.54796
1/3/2025 5:55,96760.14,96775.8,96760.13,96765.34,11.2027
1/3/2025 6:00,96765.35,96775.83,96712.97,96775.82,30.76611
1/3/2025 6:05,96775.82,96918.56,96775.82,96857.85,27.46495
1/3/2025 6:10,96857.85,96884,96853.24,96865.19,14.82576
1/3/2025 6:15,96865.2,96902.35,96779.72,96795.73,36.92778
1/3/2025 6:20,96795.73,96795.74,96619.98,96619.99,47.20362
1/3/2025 6:25,96619.99,96703.59,96619.98,96668,40.06935
1/3/2025 6:30,96667.55,96727.27,96653.59,96700,37.98051
1/3/2025 6:35,96700.01,96717.59,96644,96670.47,32.07914
1/3/2025 6:40,96670.48,96739.67,96651.55,96672,31.08887
1/3/2025 6:45,96672.01,96681.91,96512,96586.53,49.04124
1/3/2025 6:50,96586.54,96611.02,96559.45,96600.23,15.96999
1/3/2025 6:55,96600.24,96600.24,96537.03,96539.49,18.98531
1/3/2025 7:00,96539.49,96571.88,96517.21,96524.77,31.18526
1/3/2025 7:05,96524.77,96588,96490.38,96494.72,69.12665
1/3/2025 7:10,96494.71,96567.49,96450,96542.05,29.21097
1/3/2025 7:15,96542.04,96645.83,96542.04,96604.82,20.8959
1/3/2025 7:20,96604.82,96604.83,96500.79,96500.8,26.8575
1/3/2025 7:25,96500.79,96500.8,96411.54,96452.07,42.66294
1/3/2025 7:30,96452.06,96472.94,96366.06,96427.28,74.0703
1/3/2025 7:35,96427.28,96454.55,96334.74,96340,33.60255
1/3/2025 7:40,96340,96414.49,96280.65,96384.84,97.93583
1/3/2025 7:45,96384.83,96416.08,96338.79,96352.01,52.83149
1/3/2025 7:50,96352,96378.41,96326.02,96326.02,33.37091
1/3/2025 7:55,96326.02,96378.41,96304,96304,35.11899
1/3/2025 8:00,96304,96388,96304,96388,53.98663
1/3/2025 8:05,96388,96466.65,96375.05,96408,57.13703
1/3/2025 8:10,96408,96463.93,96400.51,96463.93,23.44992
1/3/2025 8:15,96463.92,96529.84,96449.5,96528.01,37.32469
1/3/2025 8:20,96528.01,96528.01,96486.6,96498.49,21.10512
1/3/2025 8:25,96498.5,96498.5,96341.01,96341.01,36.12694
1/3/2025 8:30,96341.01,96341.02,96119.27,96125.79,109.25432
1/3/2025 8:35,96125.79,96220,96110.22,96220,64.67809
1/3/2025 8:40,96220,96266.42,96219.99,96266.41,28.41187
1/3/2025 8:45,96266.41,96300,96216.03,96218.58,28.67846
1/3/2025 8:50,96218.58,96268.38,96204.68,96204.68,30.39317
1/3/2025 8:55,96204.69,96204.69,96100.01,96129.97,52.84497
1/3/2025 9:00,96129.97,96212,96107.84,96211.99,50.43436
1/3/2025 9:05,96212,96238.77,96164.48,96218.01,23.9597
1/3/2025 9:10,96218.02,96337.69,96218.01,96337.69,34.00651
1/3/2025 9:15,96337.69,96500,96322.8,96453.49,89.45358
1/3/2025 9:20,96453.48,96570.62,96427.99,96534.82,98.54736
1/3/2025 9:25,96534.83,96536.52,96476.95,96491.86,40.07274
1/3/2025 9:30,96491.87,96611.5,96450,96600,26.36666
1/3/2025 9:35,96600,96667.23,96560,96664.24,40.59901
1/3/2025 9:40,96664.24,96700.11,96637.8,96637.81,25.40307
1/3/2025 9:45,96637.8,96655.45,96593.58,96593.58,22.43384
1/3/2025 9:50,96593.58,96702.48,96590.01,96651.99,36.13902
1/3/2025 9:55,96652,96652,96554.31,96554.32,40.579
1/3/2025 10:00,96554.32,96561.36,96449.87,96484.27,68.02964
1/3/2025 10:05,96484.28,96500,96445.29,96445.3,19.26036
1/3/2025 10:10,96445.29,96468,96402.82,96426.51,44.90573
1/3/2025 10:15,96426.52,96524,96426.52,96501.31,19.94574
1/3/2025 10:20,96501.31,96510.7,96435.66,96467.99,23.42448
1/3/2025 10:25,96468,96558,96467.99,96537,23.22031
1/3/2025 10:30,96537,96640.01,96536.99,96608.01,33.30616
1/3/2025 10:35,96608,96627.98,96564.39,96567.94,17.75212
1/3/2025 10:40,96567.94,96570.25,96467.43,96482.71,27.75017
1/3/2025 10:45,96482.72,96518.65,96467.43,96511.16,26.73609
1/3/2025 10:50,96511.17,96538.46,96454.36,96454.37,31.31042
1/3/2025 10:55,96454.37,96502.59,96454.36,96488.53,19.73547
1/3/2025 11:00,96488.53,96533.88,96482.51,96533.23,18.34032
1/3/2025 11:05,96533.23,96543.38,96509.19,96509.2,12.33007
1/3/2025 11:10,96509.19,96529.83,96490.38,96510.04,17.67186
1/3/2025 11:15,96510.03,96580.27,96510.03,96580.26,15.69059
1/3/2025 11:20,96580.27,96798.2,96580.26,96793.37,81.84312
1/3/2025 11:25,96793.37,96816.11,96720.55,96750,77.99925
1/3/2025 11:30,96750,96805.67,96690.43,96690.44,53.46685
1/3/2025 11:35,96690.45,96753.92,96673.4,96703.7,22.90676
1/3/2025 11:40,96703.71,96703.71,96661.68,96677.34,12.16598
1/3/2025 11:45,96677.35,96750,96677.34,96725.36,19.60467
1/3/2025 11:50,96725.37,96788.11,96684.53,96788.11,48.81008
1/3/2025 11:55,96788.12,96830,96752.27,96757.58,67.58553
1/3/2025 12:00,96757.57,96835.36,96720,96818.67,31.59548
1/3/2025 12:05,96818.68,96848,96786.89,96848,30.51943
1/3/2025 12:10,96847.99,96881.02,96826.17,96859.67,61.08994
1/3/2025 12:15,96859.67,96859.67,96717.36,96810.87,47.40291
1/3/2025 12:20,96810.87,96817.68,96766.12,96785.45,26.76014
1/3/2025 12:25,96785.45,96901.06,96737.64,96893.04,29.90841
1/3/2025 12:30,96893.03,96921.36,96812.42,96812.43,28.52691
1/3/2025 12:35,96812.43,96831,96769.92,96806.32,29.4214
1/3/2025 12:40,96806.33,96806.33,96706.48,96713.39,19.95545
1/3/2025 12:45,96713.39,96732.18,96676.52,96724.09,35.48561
1/3/2025 12:50,96724.09,96753.54,96671.9,96717.29,18.81646
1/3/2025 12:55,96717.29,96717.29,96666.66,96666.66,28.10026
1/3/2025 13:00,96666.66,96680,96590.83,96592,32.79516
1/3/2025 13:05,96592,96785.5,96540,96767.6,74.22423
1/3/2025 13:10,96767.6,96839.71,96610.69,96632.13,58.97981
1/3/2025 13:15,96632.14,96632.14,96482.52,96495,54.16566
1/3/2025 13:20,96495,96715.98,96482.52,96665.55,66.11318
1/3/2025 13:25,96665.55,96665.64,96538.95,96538.96,50.77544
1/3/2025 13:30,96538.95,96649.62,96524,96551.71,61.61419
1/3/2025 13:35,96551.71,96586.53,96512,96556.17,37.25464
1/3/2025 13:40,96556.17,96716.92,96520,96621.69,54.66971
1/3/2025 13:45,96621.7,96650,96558,96595.71,35.41637
1/3/2025 13:50,96595.7,96595.71,96542.25,96564.03,49.46243
1/3/2025 13:55,96564.04,96564.04,96472.43,96504.79,55.33291
1/3/2025 14:00,96504.8,96619.89,96504.79,96619.71,25.52506
1/3/2025 14:05,96619.71,96813.49,96619.71,96813.48,53.46358
1/3/2025 14:10,96813.48,96914.12,96779.68,96784,94.5857
1/3/2025 14:15,96784,96966.35,96697.36,96916.9,67.41479
1/3/2025 14:20,96916.9,97025.33,96837.97,97009.72,53.96143
1/3/2025 14:25,97009.71,97131,97009.71,97084.6,75.43783
1/3/2025 14:30,97084.6,97159.67,96844.8,96845,214.31432
1/3/2025 14:35,96845.01,97322.52,96624.5,97314.29,249.15211
1/3/2025 14:40,97314.29,97342.44,97150.87,97251.98,142.61971
1/3/2025 14:45,97251.99,97285.78,96789.47,96939.17,165.14533
1/3/2025 14:50,96939.18,97075.43,96737.14,96921.56,130.22436
1/3/2025 14:55,96921.56,97086.99,96921.55,97016.01,118.74652
1/3/2025 15:00,97016,97100,96880.59,97100,197.82516
1/3/2025 15:05,97100.83,97320,97074.41,97199.32,111.07672
1/3/2025 15:10,97199.33,97450,97010.47,97156.95,157.07607
1/3/2025 15:15,97156.95,97281.02,96930.74,96946.35,115.15355
1/3/2025 15:20,96946.36,97137.94,96759.12,97082.01,136.76172
1/3/2025 15:25,97082.01,97317.64,97081.95,97263.78,115.59055
1/3/2025 15:30,97263.79,97363.64,97138.14,97363.64,108.27661
1/3/2025 15:35,97363.64,97530,97304.38,97454.55,146.52762
1/3/2025 15:40,97454.54,97557.09,97387.08,97432.81,114.40841
1/3/2025 15:45,97432.8,97660,97381.6,97437.04,200.49359
1/3/2025 15:50,97437.05,97484.85,97289.67,97464,115.85393
1/3/2025 15:55,97463.99,97593.71,97463.99,97521.35,68.55766
1/3/2025 16:00,97521.36,97726.52,97521.35,97632.49,237.69452
1/3/2025 16:05,97632.5,97639.8,97424.45,97441.32,69.55067
1/3/2025 16:10,97441.32,97659.99,97406.54,97633.12,63.67199
1/3/2025 16:15,97633.12,97761.42,97603.18,97757.57,84.18856
1/3/2025 16:20,97757.58,98400.33,97705.97,98359.74,519.03134
1/3/2025 16:25,98359.74,98444.42,98056,98066,223.37919
1/3/2025 16:30,98066,98368.85,98066,98334.23,166.06669
1/3/2025 16:35,98334.23,98334.24,98140.64,98231.99,84.50444
1/3/2025 16:40,98231.98,98288.09,98062.61,98147.35,132.31456
1/3/2025 16:45,98147.34,98151.52,97891.29,98024.6,109.41507
1/3/2025 16:50,98024.6,98067.82,97780.9,97792,110.23124
1/3/2025 16:55,97792,97868.21,97720.31,97868.2,99.86671
1/3/2025 17:00,97868.21,97992.69,97837.63,97992.68,80.75315
1/3/2025 17:05,97992.68,98083.99,97963.59,97963.59,68.56832
1/3/2025 17:10,97963.6,98032.14,97881.3,97919.28,117.94155
1/3/2025 17:15,97919.28,98060.61,97909.09,98010,44.96564
1/3/2025 17:20,98010,98222.22,97949.5,98213.6,81.90441
1/3/2025 17:25,98213.6,98263.13,98113.57,98164.02,73.5048
1/3/2025 17:30,98164.02,98236,98120.37,98233.74,55.57154
1/3/2025 17:35,98233.74,98299.76,98176.26,98247.48,48.08931
1/3/2025 17:40,98247.48,98251.7,98170.21,98214.08,38.3769
1/3/2025 17:45,98214.09,98214.09,98080.51,98184.67,53.91574
1/3/2025 17:50,98184.76,98200,97944.44,97983.71,89.91283
1/3/2025 17:55,97983.71,98078.51,97968.86,98026,46.20725
1/3/2025 18:00,98025.99,98213.63,98000,98180.09,63.50861
1/3/2025 18:05,98180.1,98222.22,98096.61,98102.09,35.89247
1/3/2025 18:10,98102.09,98330.42,98097.04,98323.86,68.42174
1/3/2025 18:15,98323.86,98376.58,98272.49,98372.09,73.33345
1/3/2025 18:20,98372.09,98393.94,98350,98364.05,44.12127
1/3/2025 18:25,98364.05,98481.74,98364.05,98481.73,60.2323
1/3/2025 18:30,98481.73,98500,98290.75,98366.15,95.75356
1/3/2025 18:35,98366.16,98483.99,98354.45,98483.98,58.55281
1/3/2025 18:40,98483.98,98580.92,98422.42,98432,80.67652
1/3/2025 18:45,98432,98697.86,98405.76,98606.01,120.07554
1/3/2025 18:50,98606,98611.99,98371,98464.88,68.89471
1/3/2025 18:55,98464.89,98570.13,98370,98527.98,44.18026
1/3/2025 19:00,98527.97,98710.53,98491.53,98710.52,84.60901
1/3/2025 19:05,98710.52,98795.53,98640.87,98719.99,202.06776
1/3/2025 19:10,98719.99,98900,98641.84,98900,212.59333
1/3/2025 19:15,98899.99,98976.91,98805.9,98944.57,97.33144
1/3/2025 19:20,98944.57,98969.7,98718.11,98747.21,96.08603
1/3/2025 19:25,98747.2,98794.94,98647.47,98697.85,70.67198
1/3/2025 19:30,98697.85,98838.18,98687.79,98752.39,69.4777
1/3/2025 19:35,98752.39,98752.39,98660.84,98715.58,48.10998
1/3/2025 19:40,98715.58,98792,98698.23,98698.23,46.79846
1/3/2025 19:45,98697.39,98697.39,98564.31,98660.76,52.85391
1/3/2025 19:50,98660.77,98690,98554.3,98560.44,53.01279
1/3/2025 19:55,98560.44,98626.89,98560.44,98592.01,36.81472
1/3/2025 20:00,98592.02,98602.29,98404.16,98404.16,85.01157
1/3/2025 20:05,98404.16,98512.27,98404.16,98435.36,92.49021
1/3/2025 20:10,98435.36,98479.56,98300,98479.56,87.64516
1/3/2025 20:15,98479.56,98578.95,98479.56,98556.5,51.53757
1/3/2025 20:20,98556.49,98748,98516.46,98747.99,58.92235
1/3/2025 20:25,98747.99,98748,98611.45,98618.09,50.73369
1/3/2025 20:30,98618.08,98618.08,98505.75,98599.99,70.91221
1/3/2025 20:35,98600,98629.05,98444,98455,70.56694
1/3/2025 20:40,98454.99,98479.56,98404.13,98453.89,62.81834
1/3/2025 20:45,98453.89,98503.47,98388.88,98388.88,73.0693
1/3/2025 20:50,98388.88,98483.58,98370.13,98448.23,62.139
1/3/2025 20:55,98448.23,98448.24,98311.51,98311.52,80.32337
1/3/2025 21:00,98311.51,98335.99,98199.99,98284,91.48763
1/3/2025 21:05,98284,98369.56,98284,98286.84,90.55284
1/3/2025 21:10,98286.84,98286.85,98196.96,98206.18,56.01734
1/3/2025 21:15,98206.18,98253.18,98197.46,98235.01,32.77281
1/3/2025 21:20,98235.02,98250,98197.28,98225.87,36.55464
1/3/2025 21:25,98225.88,98274.48,98223.21,98274.48,33.64503
1/3/2025 21:30,98274.47,98357.64,98246.95,98312,38.6413
1/3/2025 21:35,98312,98419.14,98311.82,98340,42.0341
1/3/2025 21:40,98340,98370.61,98319.3,98325.58,15.66967
1/3/2025 21:45,98325.58,98325.59,98209.95,98219.8,19.61456
1/3/2025 21:50,98219.8,98358.7,98219.79,98327.24,21.48582
1/3/2025 21:55,98327.24,98352,98250,98272.7,28.90463
1/3/2025 22:00,98272.7,98468.39,98272.7,98440.75,46.44798
1/3/2025 22:05,98440.5,98440.71,98366.77,98375.39,26.03143
1/3/2025 22:10,98375.4,98375.4,98303.94,98372.33,21.04403
1/3/2025 22:15,98372.33,98463.86,98324,98450.01,33.21388
1/3/2025 22:20,98450,98463.86,98400,98463.85,25.18611
1/3/2025 22:25,98463.85,98512.94,98460.37,98460.37,22.36816
1/3/2025 22:30,98460.38,98485.83,98400.03,98408.1,21.32645
1/3/2025 22:35,98408.09,98415.29,98398.44,98414.44,24.85916
1/3/2025 22:40,98414.44,98434.34,98408.55,98408.56,19.11923
1/3/2025 22:45,98408.55,98408.56,98290.75,98290.75,17.60597
1/3/2025 22:50,98290.75,98320.52,98250,98268.18,36.11629
1/3/2025 22:55,98268.18,98299.99,98268.17,98296.37,24.22975
1/3/2025 23:00,98296.37,98379.67,98296.37,98354.88,29.7886
1/3/2025 23:05,98354.88,98382.19,98276.97,98318.51,27.34732
1/3/2025 23:10,98318.23,98361.4,98272.72,98277.76,41.9444
1/3/2025 23:15,98277.76,98294.32,98170.92,98239.99,33.52116
1/3/2025 23:20,98240,98240,98189.51,98195.01,19.52899
1/3/2025 23:25,98195.02,98195.02,98101,98101.01,19.03631
1/3/2025 23:30,98101.01,98110.86,98067.99,98110.86,31.69534
1/3/2025 23:35,98110.85,98184.6,98110.85,98151.52,28.33094
1/3/2025 23:40,98151.53,98174.19,98140,98174.18,25.54213
1/3/2025 23:45,98174.19,98183.96,98125.85,98132,18.26763
1/3/2025 23:50,98131.99,98160.99,98124,98127.8,18.9838
1/3/2025 23:55,98127.79,98174.18,98114.89,98174.18,20.27565
1/4/2025 0:00,98174.17,98288,98174.17,98209.88,80.85903
1/4/2025 0:05,98209.88,98219.7,98099.46,98108.43,61.46889
1/4/2025 0:10,98108.43,98111.12,98016.69,98111.11,42.17739
1/4/2025 0:15,98111.12,98155.99,98111.11,98155.98,22.86372
1/4/2025 0:20,98155.98,98155.99,98121.21,98145.07,18.71205
1/4/2025 0:25,98145.08,98145.08,98094.01,98094.02,30.8445
1/4/2025 0:30,98094.02,98094.02,98046.49,98046.5,24.93801
1/4/2025 0:35,98046.49,98046.5,97887.2,97941.68,71.92317
1/4/2025 0:40,97941.68,98000.01,97922.01,97986.21,25.37459
1/4/2025 0:45,97986.2,98055.56,97915.91,97915.91,24.89172
1/4/2025 0:50,97915.91,97999.53,97902.01,97999.53,42.91944
1/4/2025 0:55,97999.52,98000,97950,97950.01,18.1707
1/4/2025 1:00,97950.01,98005.69,97929.5,97963.55,40.12637
1/4/2025 1:05,97963.55,97963.55,97909.43,97917.21,20.07097
1/4/2025 1:10,97917.21,97917.21,97828.43,97888.78,44.06008
1/4/2025 1:15,97888.78,97888.78,97800,97883.17,28.99665
1/4/2025 1:20,97883.17,97959.23,97843.57,97959.22,26.35243
1/4/2025 1:25,97959.22,97961.8,97925,97960.15,15.77783
1/4/2025 1:30,97960.15,98000,97909.09,97999.11,28.10865
1/4/2025 1:35,97999.12,98040.64,97999.11,98040.64,19.23043
1/4/2025 1:40,98040.64,98095.06,98040.64,98060.11,18.1155
1/4/2025 1:45,98060.11,98090.33,98021.05,98056.55,21.02564
1/4/2025 1:50,98056.55,98064,98024.5,98031.19,10.98169
1/4/2025 1:55,98031.18,98062.33,98030,98040,19.25235
1/4/2025 2:00,98040,98042.02,97916,97916.18,55.3419
1/4/2025 2:05,97916.18,97916.19,97848.48,97881.39,42.68599
1/4/2025 2:10,97881.4,97981.74,97871.39,97922.75,31.96898
1/4/2025 2:15,97922.75,97940.78,97900,97913.84,16.05478
1/4/2025 2:20,97913.84,97943.91,97900,97943.91,16.81401
1/4/2025 2:25,97943.91,97944.02,97874.46,97900.67,10.97816
1/4/2025 2:30,97900.67,97982.47,97874.64,97962.81,22.92239
1/4/2025 2:35,97962.82,98184,97962.81,98140.71,50.62601
1/4/2025 2:40,98140.71,98141.11,98111.12,98141.1,27.59175
1/4/2025 2:45,98141.11,98300,98141.11,98215.69,55.55656
1/4/2025 2:50,98215.69,98314.15,98215.68,98264,15.0558
1/4/2025 2:55,98264,98308.88,98245.18,98304.51,23.30525
1/4/2025 3:00,98304.51,98304.51,98232,98232,18.23233
1/4/2025 3:05,98232,98244.72,98119.56,98119.57,44.79634
1/4/2025 3:10,98119.56,98205.32,98111.2,98168.66,26.86025
1/4/2025 3:15,98168.67,98168.67,98111.2,98111.36,16.09445
1/4/2025 3:20,98111.37,98111.37,98061.63,98061.64,13.80008
1/4/2025 3:25,98061.64,98092,98052.97,98086.8,19.3657
1/4/2025 3:30,98086.8,98099,98078.48,98098.99,16.13692
1/4/2025 3:35,98099,98194.07,98099,98185.6,23.31999
1/4/2025 3:40,98185.59,98246.97,98185.59,98246.96,17.25442
1/4/2025 3:45,98246.96,98269.39,98196,98209.31,39.22331
1/4/2025 3:50,98209.3,98263.36,98207.2,98225.79,30.15576
1/4/2025 3:55,98225.79,98230.26,98200,98200,9.44895
1/4/2025 4:00,98200.01,98200.01,97957.02,97957.03,47.49504
1/4/2025 4:05,97957.02,98016.57,97941.38,97953.72,33.02744
1/4/2025 4:10,97953.72,97962.93,97918.27,97933.46,25.14217
1/4/2025 4:15,97933.46,97972,97931.55,97947,14.46785
1/4/2025 4:20,97947.01,97953.09,97931.99,97941.98,14.80022
1/4/2025 4:25,97941.98,97959.41,97900,97948.87,21.47914
1/4/2025 4:30,97948.87,97948.87,97862.87,97928.41,33.72509
1/4/2025 4:35,97928.41,97971.99,97923.68,97971.99,17.10664
1/4/2025 4:40,97971.99,98012.91,97971.98,97999.99,29.88921
1/4/2025 4:45,98000,98000,97950.51,97958.92,13.63304
1/4/2025 4:50,97958.91,97965.39,97932.01,97947.72,20.97148
1/4/2025 4:55,97947.72,98001.01,97947.72,98001,32.76225
1/4/2025 5:00,98001,98044.06,98001,98003.74,15.02247
1/4/2025 5:05,98003.74,98055.56,97988.76,98033.48,22.56011
1/4/2025 5:10,98033.47,98034.38,98010.66,98034.37,8.26209
1/4/2025 5:15,98034.38,98092.63,98034.38,98092.63,16.94829
1/4/2025 5:20,98092.62,98154.08,98092.62,98128.57,29.07574
1/4/2025 5:25,98128.57,98164.75,98128.57,98143.44,17.00007
1/4/2025 5:30,98143.45,98180,98129,98159.08,20.63663
1/4/2025 5:35,98159.09,98180,98132,98132,13.66683
1/4/2025 5:40,98132,98196.51,98130.67,98186.51,21.26351
1/4/2025 5:45,98186.51,98186.51,98167.25,98167.26,8.17457
1/4/2025 5:50,98167.25,98167.26,98063.34,98102,59.0696
1/4/2025 5:55,98102.01,98147.56,98091.96,98126.21,18.29796
1/4/2025 6:00,98126.21,98130.21,98084,98101.73,17.01838
1/4/2025 6:05,98101.73,98136.42,98073.51,98098.96,22.48861
1/4/2025 6:10,98098.96,98140.98,98061.79,98063.32,23.5491
1/4/2025 6:15,98063.32,98067.47,98047.79,98061.02,12.73164
1/4/2025 6:20,98061.03,98066.65,98048.97,98061.99,13.27643
1/4/2025 6:25,98061.99,98090.91,98061.99,98073.02,19.20796
1/4/2025 6:30,98073.03,98073.03,98039.91,98048.55,23.75768
1/4/2025 6:35,98048.55,98073.04,98048.54,98073.04,13.34017
1/4/2025 6:40,98073.04,98093.56,98055.48,98055.49,14.64418
1/4/2025 6:45,98055.48,98072.36,98041.67,98072.35,11.6186
1/4/2025 6:50,98072.35,98170,98072.35,98169.99,19.41043
1/4/2025 6:55,98169.99,98209.7,98127.53,98127.54,20.8802
1/4/2025 7:00,98127.53,98130.33,98100.32,98100.79,28.98586
1/4/2025 7:05,98100.79,98160.24,98095.17,98156.8,17.96373
1/4/2025 7:10,98156.8,98233.44,98156.8,98228.83,21.31274
1/4/2025 7:15,98228.84,98350.04,98214.07,98230.26,174.18512
1/4/2025 7:20,98230.27,98230.27,98156,98156,30.39537
1/4/2025 7:25,98156,98210.32,98156,98193.71,15.87306
1/4/2025 7:30,98193.71,98202.91,98173.59,98179.62,19.74456
1/4/2025 7:35,98179.61,98224.37,98169.92,98218.12,52.27976
1/4/2025 7:40,98218.12,98291.04,98218.12,98291.03,33.50968
1/4/2025 7:45,98291.03,98323.28,98279.5,98285.17,27.21593
1/4/2025 7:50,98285.17,98285.17,98225,98241.62,14.54017
1/4/2025 7:55,98241.62,98271.88,98223.51,98271.88,18.45543
1/4/2025 8:00,98271.87,98306.22,98255.74,98277.28,30.57739
1/4/2025 8:05,98277.29,98277.29,98213.84,98257.11,20.16408
1/4/2025 8:10,98257.11,98257.11,98247.04,98248.99,10.61618
1/4/2025 8:15,98248.99,98250,98201.9,98201.91,22.65182
